{
    "loss": 0.03437752276659012,
    "accuracy": 0.9901960492134094
}