{
    "loss": 30.50052261352539,
    "accuracy": 0.4313725531101227
}